"","Plot.3","Tag","sla","mean.thick","ssl","lar1","lmf","smf","rmf","sp","rgr.h","ini_size","perc.canopy.open","new.rgr.h","Comp1","Comp2","Comp3","sp.number","lma","log_thick","log_ssl","log_lar","log_lmf","log_smf","log_rmf","log_light","log_rgr","log_lma","plot_id","log_ini_size"
"4",1,5,249.5833333,0.2125,25,64.17857143,0.257142857,0.30952381,0.433333333,"PITTKE",0.171850257,19,2.86,1.171850257,0.48496099,0.125959843,-2.222177621,18,0.004006678,-0.883582197569411,-0.914147908277918,0.432938854938394,0.0461668159001879,0.0925055210544395,0.295463282532392,0.386169743082481,0.337525363636837,-0.986329350650674,1,-0.792497985187093
"13",3,4,253.075,0.231,111.4285714,32.65483871,0.129032258,0.451612903,0.419354839,"PITTKE",0,14,3.39,1,1.390397835,1.059080034,-0.207165999,18,0.003951398,0.103723516820452,1.8822309085031,-1.25489258579762,-1.67230250870722,1.46733938037258,0.148128078882065,0.800820783561374,-1.39688140553132,-1.0748566080563,2,-1.61372100109789
"20",5,6,196.3794118,0.224,25.76923077,41.2154321,0.209876543,0.561728395,0.228395062,"PITTKE",0,50,2.6,1,3.815319105,0.490136658,0.431584775,18,0.005092183,-0.260227026616393,-0.857443467393334,-0.673311725768613,-0.460007506675687,2.26137544118933,-2.58219627656089,0.153707763146066,-1.39688140553132,0.541335530940595,3,1.80949946083357
"38",10,2,303.3333333,0.245,110,63.85964912,0.210526316,0.263157895,0.526315789,"PITTKE",0.064538521,16,1.54,1.064538521,2.170123582,0.70691783,-2.75567951,18,0.003296703,0.799657141697793,1.85808730502543,0.420494667872472,-0.452303969716223,-0.498057809627349,1.16893860829985,-1.12366981802022,-0.71287626933846,-2.22913395674651,4,-1.25463245359989
"39",10,1,249.2555556,0.263666667,52.05882353,65.97941176,0.264705882,0.25,0.485294118,"PITTKE",0,44,1.54,1,2.170123582,0.70691783,-2.75567951,18,0.004011947,1.66811755955317,0.458303544297911,0.502066613241183,0.118406382398555,-0.684721531780111,0.804322405967912,-1.12366981802022,-1.39688140553132,-0.977955245114424,4,1.46573385789154
"40",10,10,209.2478261,0.26,23.53333333,33.81288056,0.161592506,0.351288056,0.487119438,"PITTKE",0,36,1.54,1,2.170123582,0.70691783,-2.75567951,18,0.004779022,1.50248523450354,-1.02727101667337,-1.16784077933581,-1.11154390252028,0.553117663736515,0.821191275942071,-1.12366981802022,-1.39688140553132,0.136896244432916,4,0.926096345373863
"46",11,1,150.25,0.2795,54.4,32.78181818,0.218181818,0.151515152,0.63030303,"PITTKE",0.143100844,15,1.91,1.143100844,1.453314909,2.21599552,-1.772887895,18,0.006655574,2.3578549228478,0.540613105227204,-1.24519790948866,-0.363291276040244,-2.50711523645969,1.97908135150101,-0.598501304531388,0.0658618542722004,2.2474432288567,5,-1.42818747581197
"47",11,3,173.10625,0.245,42.65625,45.59176955,0.263374486,0.263374486,0.473251029,"PITTKE",0.03509132,29,1.91,1.03509132,1.453314909,2.21599552,-1.772887895,18,0.005776799,0.799657141697793,0.0855788295285245,-0.421228614790778,0.105840240195735,-0.495063858810323,0.69140896333548,-0.598501304531388,-1.01967360205271,1.34512736767027,5,0.344635758242932
"48",11,5,188.9815789,0.25,31.17117117,56.25039164,0.297650131,0.289817232,0.412532637,"PITTKE",0.029852963,34,1.91,1.029852963,1.453314909,2.21599552,-1.772887895,18,0.005291521,1.03860384219044,-0.501349126335232,0.10356320354561,0.410727138935579,-0.146893899768671,0.0744281281754562,-0.598501304531388,-1.07516293502992,0.7860170840726,5,0.772387682566824
"55",14,3,223.3904762,0.28,38.03738318,63.60949153,0.284745763,0.362711864,0.352542373,"PITTKE",0.228841572,44,1.98,1.228841572,3.429394867,-0.870610171,-0.666954299,18,0.004476467,2.37899426609143,-0.128857773342738,0.410690075435582,0.300272656033996,0.669578287130197,-0.631672607541024,-0.510712737205687,0.856893959188593,-0.2798481850401,6,1.46573385789154
"56",14,6,247.885,0.244666667,31.61016949,73.99552239,0.298507463,0.352238806,0.349253731,"PITTKE",0.082238098,38,1.98,1.082238098,3.429394867,-0.870610171,-0.666954299,18,0.004034129,0.783554419590643,-0.475181331744147,0.788490507553493,0.417894876194576,0.562953589218331,-0.673784649247626,-0.510712737205687,-0.532529781428194,-0.942821233278257,6,1.07149226742337
"57",14,1,254.4458333,0.261666667,67.5,90.8735119,0.357142857,0.285714286,0.357142857,"PITTKE",0,20,1.98,1,3.429394867,-0.870610171,-0.666954299,18,0.00393011,1.57806032713393,0.944328807173737,1.30173707876907,0.864828716797402,-0.198781473340257,-0.573416520028163,-0.510712737205687,-1.39688140553132,-1.10927865316763,6,-0.654561622688387
"66",18,3,182.852381,0.243,16.91176471,59.22724936,0.323907455,0.349614396,0.326478149,"PITTKE",0.112477983,47,1.84,1.112477983,0.70828521,0.452308517,-1.788243708,18,0.005468892,0.702710210409711,-1.64549916566886,0.232381266836169,0.621406242572474,0.535738062865233,-0.976794736122667,-0.689568059561833,-0.231124337170858,0.996105973526442,7,1.64310601274412
"80",21,2,213.5304348,0.235,33.5106383,33.52354949,0.156996587,0.320819113,0.5221843,"PITTKE",0.032789823,31,4,1.032789823,3.353557036,0.898687189,-0.833864514,18,0.004683173,0.306775017087077,-0.365938718964936,-1.18930761440202,-1.18344994977944,0.222941322344575,1.13352763616342,1.20438933570449,-1.04401843716136,0.00779791576793851,8,0.523980168038116
"82",22,7,197.0464286,0.227,49.09090909,62.22518797,0.315789474,0.248120301,0.436090226,"PITTKE",0.068992871,15,3.18,1.068992871,5.732475075,-0.498177211,-0.953539633,18,0.005074946,-0.102874913361242,0.348468965440751,0.355727272728446,0.55815181871211,-0.712186901248868,0.323959514329573,0.644849541397025,-0.667208715421773,0.519729557579587,9,-1.42818747581197
"110",28,8,169.46,0.271333333,29.20289855,56.36141907,0.332594235,0.305986696,0.361419069,"PITTKE",0.051293294,40,3.12,1.051293294,0.977115478,-1.599581171,0.170239256,18,0.005901098,2.00712088139336,-0.623393146101308,0.108488890957498,0.687360395461401,0.0506793910129046,-0.519935753186125,0.598390903650319,-0.849808522251154,1.48078038821677,10,1.20942862992207
"126",30,9,266.5352941,0.226,28.84210526,62.28316151,0.233676976,0.367697595,0.39862543,"PITTKE",0.2135741,26,2.6,1.2135741,0.617829156,1.383955541,2.331598578,18,0.003751848,-0.155093361963353,-0.64665407062232,0.358053497826386,-0.192306510730581,0.719260223577545,-0.0796618730509188,0.153707763146066,0.720160428319989,-1.40506279820637,11,0.0509803535563291
"133",31,11,164.9578947,0.284666667,10.17241379,51.24032698,0.310626703,0.316076294,0.373297003,"PITTKE",0.048790164,42,6.01,1.048790164,-0.021514014,1.590102586,0.446324588,18,0.006062153,2.57449392761751,-2.59663711130486,-0.12946447742691,0.51707246945712,0.168740512237976,-0.374638742039031,2.19738227882889,-0.875880193704271,1.6523582727522,12,1.34063365099944
"141",33,2,252.485,0.224,88.0952381,51.00707071,0.202020202,0.212121212,0.585858586,"PITTKE",0.117783036,18,1.83,1.117783036,2.70206175,-5.41344656,0.043681502,18,0.003960631,-0.260227026616393,1.44258656835446,-0.140861782622088,-0.555085162131487,-1.28264410606639,1.65051952267032,-0.702859671399518,-0.179093996411774,-1.05998474989467,13,-0.937893907236597
"149",35,3,204.6521739,0.2085,21.91709845,43.74535316,0.213754647,0.358736059,0.427509294,"PITTKE",0.161268148,47,2.4,1.161268148,-3.443145282,-2.259554816,-0.56075349,18,0.004886339,-1.10833878310705,-1.16040146486155,-0.52449997493027,-0.414378871301158,0.629468182003765,0.234663138311235,-0.0415167799558627,0.238314267754495,0.278403388012955,14,1.64310601274412
"157",38,8,240.2225806,0.255,33.5,30.9,0.128630705,0.414937759,0.456431535,"PITTKE",0.029852963,34,4.36,1.029852963,1.755005962,-0.667742557,2.483693155,18,0.004162806,1.27281861247543,-0.366532814451658,-1.39287360554331,-1.68007007653343,1.15911520723792,0.528808004407096,1.4145771449782,-1.07516293502992,-0.742745145385851,15,0.772387682566824
"214",49,3,237.0703704,0.234333333,55.86206897,56.14824561,0.236842105,0.254385965,0.50877193,"PITTKE",0.060624622,17,2.16,1.060624622,3.034199602,-3.742148057,2.74805588,18,0.004218157,0.273174240742931,0.590237468681923,0.0990229414161537,-0.158777977850309,-0.6214304628566,1.01660804871151,-0.298491576637849,-0.75316092426108,-0.658576965644706,16,-1.09160257004364
"242",51,6,239.9928571,0.2195,41.62162162,93.70239044,0.390438247,0.294820717,0.314741036,"PITTKE",0.031748698,32,2.39,1.031748698,-0.429678962,-0.340064065,0.452986024,18,0.004166791,-0.500251350853234,0.0396357166401861,1.37831325399744,1.08695861425436,-0.0846028687616197,-1.14130794037199,-0.0517005306007876,-1.05504910327542,-0.736648170005714,17,0.609357799010575
"245",52,4,414.7,0.208,76.05263158,33.99180328,0.081967213,0.62295082,0.295081967,"PITTKE",0,20,2.81,1,-2.032789072,-0.4443457,2.666913527,18,0.002411382,-1.13673605820429,1.16754773809083,-1.15465738732848,-2.80307145049007,2.63784177196958,-1.4311137794532,0.343152671467503,-1.39688140553132,-4.22182373754247,18,-0.654561622688387
"253",54,7,187.6863636,0.248,58.22222222,57.66899441,0.30726257,0.25698324,0.43575419,"PITTKE",0.15415068,28,2.05,1.15415068,0.686506581,-2.955703161,0.624226937,18,0.005328038,0.943603657577193,0.667666547916728,0.165779761314639,0.489935545523918,-0.584463275003751,0.320495782102381,-0.42597452140678,0.171075592474958,0.829839911402501,19,0.250269251512566
"271",57,14,210.8444444,0.228,58.33333333,69.25547445,0.328467153,0.262773723,0.408759124,"PITTKE",0.139761942,23,4.41,1.139761942,-2.891521837,-3.774700569,-1.356223343,18,0.004742833,-0.0508859971421147,0.671233952861859,0.623117730478886,0.656243176660951,-0.503374309659849,0.0331377449944773,1.44238821866818,0.0338695154065643,0.0884603657866211,20,-0.278718070871947
"272",57,25,166.35,0.249,13.04477612,42.25656224,0.254022015,0.307366638,0.438611346,"PITTKE",0.087011377,48,4.41,1.087011377,-2.891521837,-3.774700569,-1.356223343,18,0.006011422,0.991199131851674,-2.13127830959601,-0.610994643168258,0.015736251885734,0.0670543473687816,0.349861453911204,1.44238821866818,-0.484398232553811,1.59880942043987,20,1.69972219849745
"304",61,7,225.9851852,0.203666667,36.79012346,93.51111111,0.413793103,0.310344828,0.275862069,"PITTKE",0.109199292,29,3.16,1.109199292,-0.556088829,0.348694223,0.526644253,18,0.004425069,-1.38574438128711,-0.191240394666978,1.37320877538679,1.23173980612513,0.102145644257552,-1.73374877161724,0.629461447854118,-0.263404940925227,-0.353434349450287,21,0.344635758242932
"311",62,1,220.1833333,0.224333333,66.21621622,73.39444444,0.333333333,0.308333333,0.358333333,"PITTKE",0.245122458,23,2.5,1.245122458,2.00941305,-2.32745189,1.648757292,18,0.00454167,-0.242639740732467,0.908399493551097,0.768116069253181,0.692892228141619,0.0784818153120995,-0.558463692213607,0.0580482580139997,1.00084431470784,-0.1877039031379,22,-0.278718070871947
"404",72,3,182.2666667,0.213,35.39130435,28.18556701,0.154639175,0.395189003,0.450171821,"PITTKE",0.048790164,42,0.86,1.048790164,-0.150391778,-1.533101221,0.850215291,18,0.005486467,-0.855785570447945,-0.263770487791216,-1.62255398229625,-1.22115419999287,0.981654531806547,0.466758039085775,-2.54464691899194,-0.875880193704271,1.01655059928036,23,1.34063365099944
"412",73,5,200.5818182,0.226333333,51.91489362,76.96744186,0.38372093,0.273255814,0.343023256,"PITTKE",0.139761942,23,1.61,1.139761942,-1.000066751,-0.825333475,1.514733943,18,0.004985497,-0.137661601140233,0.45312323689852,0.886856074074217,1.04371018873686,-0.36102876214433,-0.754666384840957,-1.01525175858424,0.0338695154065643,0.406416514780142,24,-0.278718070871947
"426",75,21,199.84,0.243,45.29411765,55.51111111,0.277777778,0.354166667,0.368055556,"PITTKE",0.287682072,20,6.36,1.287682072,-0.155851788,-0.597766969,2.31830081,18,0.005004003,0.702710210409711,0.197851328464749,0.0705153138977909,0.238530393017324,0.582816919147588,-0.438176387488339,2.33543879756163,1.36843009578412,0.430025611746957,25,-0.654561622688387
"430",76,11,211.9230769,0.221666667,22.33082707,43.046875,0.203125,0.346354167,0.450520833,"PITTKE",0.182321557,30,3.6,1.182321557,-1.454611174,1.754734421,-0.773825768,18,0.004718693,-0.384075882837321,-1.12540992313261,-0.564706980567901,-0.541493671810463,0.501643040814483,0.47024029939888,0.947414539022505,0.43481960328869,0.0559451160905235,26,0.435802776798488
"431",76,12,230.6346154,0.2205,62.14285714,45.08646617,0.195488722,0.421052632,0.383458647,"PITTKE",0.064538521,32,3.6,1.064538521,-1.454611174,1.754734421,-0.773825768,18,0.004335863,-0.44649007921499,0.789604060920759,-0.449068920409289,-0.636987751215463,1.21235338929144,-0.253959692533405,0.947414539022505,-0.71287626933846,-0.483202716192603,26,0.609357799010575
"437",77,6,187.08,0.245,45.96491228,73.36470588,0.392156863,0.279411765,0.328431373,"PITTKE",0.040821995,25,3.25,1.040821995,-0.375399667,0.398514405,-0.299401619,18,0.005345307,0.799657141697793,0.225358714473442,0.767103708934052,1.09790413033382,-0.279955351559086,-0.949992593890907,0.697955941620181,-0.959289934726889,0.850459362188916,27,-0.0544907917768881
"444",78,4,189.5888889,0.247333333,48.82352941,54.34076433,0.286624204,0.324840764,0.388535032,"PITTKE",0.182321557,24,2.81,1.182321557,1.597845575,0.48674806,1.92993286,18,0.005274571,0.911766585007805,0.33824991572727,0.017286856200758,0.316658753703721,0.268276519928627,-0.194865535731306,0.343152671467503,0.43481960328869,0.765573089370472,28,-0.16426805411301
"445",78,10,180.1684211,0.2445,50,44.74771242,0.248366013,0.352941176,0.39869281,"PITTKE",0,14,2.81,1,1.597845575,0.48674806,1.92993286,18,0.005550362,0.775494805620761,0.382802100225399,-0.467908227716708,-0.0403791977133563,0.570202878612146,-0.0789024272573,0.343152671467503,-1.39688140553132,1.09033040122206,28,-1.61372100109789
"491",84,8,250.3142857,0.213333333,46.96969697,84.78387097,0.338709677,0.266129032,0.39516129,"PITTKE",0.194156014,17,2.68,1.194156014,0.483046413,1.478247999,-1.942530712,18,0.003994978,-0.837290730747995,0.265820051124802,1.12846853889553,0.73276652796779,-0.457200911877018,-0.118880450454784,0.227622654092789,0.543747727261384,-1.00496379155871,29,-1.09160257004364
"503",87,15,223.2847826,0.232666667,26.74418605,78.00835443,0.349367089,0.326582278,0.324050633,"PITTKE",0.209720531,37,4.14,1.209720531,-0.689752453,-2.070604838,0.968021925,18,0.004478586,0.188752364364178,-0.787958301909255,0.920412621368992,0.809971170928841,0.287734340940166,-1.01032948615079,1.2882945783949,0.685376461877264,-0.276832590997025,30,0.999776830919392
"504",87,3,203.7263158,0.248666667,27.27272727,69.36917563,0.340501792,0.394265233,0.265232975,"PITTKE",0.196710294,28,4.14,1.196710294,-0.689752453,-2.070604838,0.968021925,18,0.004908546,0.97535526134991,-0.751340629878938,0.627215475844917,0.74591743466102,0.973137928699541,-1.91030215098738,1.2882945783949,0.567116461732314,0.307296968826433,30,0.250269251512566
"541",92,14,164.9903226,0.263,35,56.20549451,0.340659341,0.315018315,0.344322344,"PITTKE",0.405465108,30,4,1.405465108,0.65049599,0.927609495,-1.932567341,18,0.006060962,1.63817459342759,-0.284573580651735,0.101568599146645,0.747070249674762,0.156539038217419,-0.737681547032371,1.20438933570449,2.32567176339765,1.65110626329193,31,0.435802776798488
"542",92,19,187.49,0.236333333,22.09302326,63.42156448,0.338266385,0.272727273,0.389006342,"PITTKE",0.371563556,28,4,1.371563556,0.65049599,0.927609495,-1.932567341,18,0.005333618,0.37369149797712,-1.14544239449008,0.403299128803643,0.729502826190413,-0.36807453995655,-0.189418243522615,1.20438933570449,2.05862789428152,0.836509816355786,31,0.250269251512566
"543",92,15,155.9818182,0.226333333,32.84090909,19.64656489,0.125954198,0.335877863,0.538167939,"PITTKE",0.064538521,32,4,1.064538521,0.65049599,0.927609495,-1.932567341,18,0.006411004,-0.137661601140233,-0.403712521519649,-2.52409670011197,-1.73247179904401,0.389869388448005,1.26900161129163,1.20438933570449,-0.71287626933846,2.0088807633417,31,0.609357799010575
"544",92,6,212.0181818,0.192666667,42.98507463,57.72772277,0.272277228,0.331683168,0.396039604,"PITTKE",0.064538521,32,4,1.064538521,0.65049599,0.927609495,-1.932567341,18,0.004716577,-2.04244147861673,0.0999473108995606,0.168322342436486,0.18868691987604,0.344134834974425,-0.10890435290593,1.20438933570449,-0.71287626933846,0.0530870556374688,31,0.609357799010575
"545",92,13,144.2515152,0.252,33,25.45614973,0.176470588,0.427807487,0.395721925,"PITTKE",0.044451763,23,4,1.044451763,0.65049599,0.927609495,-1.932567341,18,0.006932336,1.13284704517865,-0.3946702370984,-1.87698077847899,-0.892049406029778,1.27027203302533,-0.112510069653547,1.20438933570449,-0.921215098312146,2.50705473690254,31,-0.278718070871947
"552",93,11,227.9095238,0.215,22.06896552,38.51991952,0.169014085,0.336016097,0.494969819,"PITTKE",0.348306694,34,1.76,1.348306694,2.031845969,0.672880094,-0.55672176,18,0.004387706,-0.745247762173134,-1.14748100386872,-0.842268781981489,-0.999638359538815,0.391366807863506,0.893027996402147,-0.797986118997815,1.87158753339985,-0.407465191045166,32,0.772387682566824
"568",95,5,206.6470588,0.243666667,54.6875,87.27950311,0.422360248,0.198757764,0.378881988,"PITTKE",0.459532329,19,3.42,1.459532329,0.657468426,0.307149648,0.447749569,18,0.004839169,0.735114245204476,0.550475710151509,1.20093598456396,1.28280902381703,-1.51944706702554,-0.30791102507407,0.822309951083723,2.73851311596849,0.216592204566889,33,-0.792497985187093
"597",100,11,191.0541667,0.222,40.44444444,68.9518797,0.360902256,0.169172932,0.469924812,"PITTKE",0.111225635,19,4.34,1.111225635,2.906798452,2.010155382,-1.83321964,18,0.005234118,-0.366303606676016,-0.0140471599253542,0.61214324509923,0.890924148355703,-2.10595112273893,0.659716413341865,1.40336331034581,-0.243443182079279,0.716514572709553,34,-0.792497985187093
"610",101,7,237.4230769,0.220333333,29.82300885,30.11219512,0.126829268,0.275609756,0.597560976,"PITTKE",0.025975486,39,3.24,1.025975486,3.248473861,1.451960469,-1.933392221,18,0.00421189,-0.455433356057083,-0.584077083100813,-1.45738649821878,-1.71521780316043,-0.329813876547739,1.73938794142384,0.69043974234052,-1.11641870449043,-0.668051106805012,35,1.1413447530432
"611",102,5,195.1684211,0.212666667,18.63945578,35.12503383,0.179972936,0.205683356,0.614343708,"PITTKE",0.336472237,35,4.95,1.336472237,2.914800085,0.994945674,-1.179604451,18,0.00512378,-0.874309376207007,-1.46349489241587,-1.07273667872118,-0.843074189017197,-1.3948024956916,1.86384497131786,1.72412469743304,1.7751681309519,0.580752025294863,36,0.850340082424065
"612",102,1,211.3916667,0.2225,46.2745098,39.22731959,0.18556701,0.262886598,0.551546392,"PITTKE",0.074107972,28,4.95,1.074107972,2.914800085,0.994945674,-1.179604451,18,0.004730555,-0.339695137868966,0.237919312052667,-0.796810557465047,-0.766792360382807,-0.501811443132818,1.37933641552008,1.72412469743304,-0.615001052932949,0.0719433106061317,36,0.250269251512566
"613",103,7,157.9764706,0.2385,40.61538462,49.27706422,0.311926606,0.298165138,0.389908257,"PITTKE",0.127833372,25,2.89,1.127833372,4.328388603,-0.608784617,0.986701558,18,0.006330057,0.48162976617884,-0.00615552678160734,-0.227056162338469,0.527479548564053,-0.0435531176392299,-0.179012492438892,0.411620458219171,-0.0811969191939222,1.92791319832109,37,-0.0544907917768881
"621",104,22,261.5714286,0.235,126.4285714,39.80434783,0.152173913,0.304347826,0.543478261,"PITTKE",0.064538521,16,2.38,1.064538521,3.038341777,-0.493491857,1.248810627,18,0.003823048,0.306775017087077,2.1185395205361,-0.760333146829061,-1.26120326401119,0.031135684625467,1.31312172156198,-0.0619269805346916,-0.71287626933846,-1.28527124884576,38,-1.25463245359989
"640",105,25,299.3166667,0.208666667,41.79487179,123.3824427,0.41221374,0.297709924,0.290076336,"PITTKE",0.246860078,32,4.28,1.246860078,-1.473165093,-1.908850131,-0.663661836,18,0.003340943,-1.09888813694562,0.047408027020758,2.06567245343354,1.22220981123163,-0.0491133097885325,-1.50799026591662,1.36940909976679,1.01609648692621,-2.14419292441923,39,0.609357799010575
"668",107,5,209.0769231,0.21,43.11111111,38.41696113,0.183745583,0.159010601,0.657243816,"PITTKE",0.223143551,25,3.19,1.223143551,0.224422226,0.364151047,0.091969801,18,0.004782929,-1.02355376486619,0.105425543084244,-0.848954495901277,-0.791374234994463,-2.33139826372989,2.16714639915385,0.652507333358276,0.806062940398949,0.142103477231703,40,-0.0544907917768881
"699",111,7,245.2272727,0.236,89.28571429,35.49342105,0.144736842,0.184210526,0.671052632,"PITTKE",0.09531018,11,1.32,1.09531018,0.071382225,2.727037666,-2.279822014,18,0.00407785,0.356997850072183,1.46770242659397,-1.04667450440063,-1.38607400084449,-1.79604953813402,2.26057386096267,-1.49964405618405,-0.401217905455305,-0.87413375906013,41,-2.26224664732938
"700",111,2,188.9222222,0.258,63.5,30.09380531,0.159292035,0.17699115,0.663716814,"PITTKE",0.080042708,13,1.32,1.080042708,0.071382225,2.727037666,-2.279822014,18,0.005293184,1.41115304787171,0.830027422338417,-1.45891250983607,-1.1472768822445,-1.94154085054842,2.21118327975334,-1.49964405618405,-0.554738400523095,0.788019358343334,41,-1.81300989905413
"705",112,6,200.95,0.2165,47.22222222,52.70819672,0.262295082,0.336065574,0.401639344,"PITTKE",0.074107972,14,1.23,1.074107972,3.57971067,0.473653907,0.561636997,18,0.004976362,-0.663017122274601,0.275852800775167,-0.058911000195591,0.095605763951436,0.39190261762765,-0.04581670449076,-1.67188063706713,-0.615001052932949,0.394730179138959,42,-1.61372100109789
"710",113,1,214.1285714,0.204333333,44.56521739,68.13181818,0.318181818,0.348484848,0.333333333,"PITTKE",0.287682072,20,1.73,1.287682072,2.400103183,-0.076769476,0.200334835,18,0.004670091,-1.3470925574476,0.167495492240281,0.582255980747869,0.576960135088468,0.523961536251701,-0.883423663626145,-0.839918465339833,1.36843009578412,-0.0100267464165169,43,-0.654561622688387
"711",113,12,198.915,0.224,48.80952381,72.59671533,0.364963504,0.306569343,0.328467153,"PITTKE",0.102654154,41,1.73,1.102654154,2.400103183,-0.076769476,0.200334835,18,0.005027273,-0.260227026616393,0.337713090864543,0.740816640120577,0.918811132904451,0.0576023081824686,-0.949503108739409,-0.839918465339833,-0.328131950871871,0.459588785442235,43,1.27583125042001
"775",120,12,197.1555556,0.209666667,69.09090909,69.58431373,0.352941176,0.323529412,0.323529412,"PITTKE",0.207639365,16,2.88,1.207639365,-1.005334738,0.578009522,2.665056401,18,0.005072137,-1.04234240671949,0.987917212273004,0.634950622999709,0.835336173699894,0.253555897926574,-1.01756261187631,0.40316636054839,0.666544856949986,0.516201622294823,44,-1.25463245359989
"817",126,5,224.9416667,0.236,56.25,87.07419355,0.387096774,0.206451613,0.406451613,"PITTKE",0.182321557,18,2.03,1.182321557,2.373824174,0.115981152,0.70627527,18,0.004445597,0.356997850072183,0.603186332290932,1.19505298827094,1.06553885945078,-1.38123508787665,0.00770035657362335,-0.449886524074662,0.43481960328869,-0.323942550856669,45,-0.937893907236597
"895",137,4,246.5458333,0.214,30.38834951,47.14820717,0.19123506,0.410358566,0.398406375,"PITTKE",0.033901552,30,1.77,1.033901552,1.428053315,0.320387759,-1.338656977,18,0.004056041,-0.800387532886985,-0.548939464029611,-0.337374210464745,-0.691812094298063,1.11873088399267,-0.082131748210272,-0.784167358315089,-1.03225199492096,-0.90830403747975,46,0.435802776798488
"947",145,2,234.1625,0.215,60,42.09662921,0.179775281,0.314606742,0.505617978,"PITTKE",0.117783036,18,2.04,1.117783036,0.722178784,0.798559472,-2.602596664,18,0.004270539,-0.745247762173134,0.723944575108203,-0.620466988629708,-0.845812627712505,0.151781368925106,0.988666592781966,-0.437901218698523,-0.179093996411774,-0.579934579821881,47,-0.937893907236597
"948",145,1,240.29,0.2035,16.64596273,21.58293413,0.089820359,0.482035928,0.428143713,"PITTKE",0.083381609,25,2.04,1.083381609,0.722178784,0.798559472,-2.602596664,18,0.004161638,-1.39542713503422,-1.67514082576614,-2.28928480026173,-2.57506425238897,1.70458703753988,0.241326234034292,-0.437901218698523,-0.520979833932712,-0.744533269590686,47,-0.0544907917768881
"949",146,1,180.0227273,0.2105,12.40384615,50.92071429,0.282857143,0.47,0.247142857,"PITTKE",0.236388778,38,1.98,1.236388778,1.079324653,-0.30501756,0.081827106,18,0.005554854,-0.995426618682083,-2.22554666364222,-0.145094531552663,0.283688422630968,1.61256778576077,-2.22771959365537,-0.510712737205687,0.923859575935012,1.09548533195015,48,1.07149226742337
"950",146,5,204.9230769,0.197666667,39.0625,69.79912664,0.340611354,0.288209607,0.371179039,"PITTKE",0.127833372,25,1.98,1.127833372,1.079324653,-0.30501756,0.081827106,18,0.00487988,-1.73941569700044,-0.0790986174746748,0.642650253847996,0.746719176443057,-0.167136541212768,-0.40020496029147,-0.510712737205687,-0.0811969191939222,0.269974913816817,48,-0.0544907917768881
"951",146,2,209.1486111,0.211666667,13.17391304,50.7026936,0.242424242,0.29040404,0.467171717,"PITTKE",0.117783036,36,1.98,1.117783036,1.079324653,-0.30501756,0.081827106,18,0.004781289,-0.930055556599678,-2.11284638300231,-0.155812808707666,-0.100723326633378,-0.139532984088786,0.6333144884841,-0.510712737205687,-0.179093996411774,0.139918210479466,48,0.926096345373863
"952",146,4,226.82,0.215333333,46.20689655,61.63586957,0.27173913,0.347826087,0.380434783,"PITTKE",0.076961041,27,1.98,1.076961041,1.079324653,-0.30501756,0.081827106,18,0.004408782,-0.726924834297942,0.235183380457074,0.331956743227065,0.183756959993632,0.517075740920825,-0.289533407501229,-0.510712737205687,-0.58598889698042,-0.376930763744959,48,0.152470492250278
"953",146,3,221.09,0.184,42.14285714,86.70196078,0.392156863,0.274509804,0.333333333,"PITTKE",0.064538521,16,1.98,1.064538521,1.079324653,-0.30501756,0.081827106,18,0.004523045,-2.5868100446395,0.0629223920443528,1.18435146875496,1.09790413033382,-0.344366675887089,-0.883423663626145,-0.510712737205687,-0.71287626933846,-0.213888917164153,48,-1.25463245359989
"957",147,14,286.4045455,0.1975,75,115.612844,0.403669725,0.220183486,0.376146789,"PITTKE",0.105360516,20,3.08,1.105360516,2.522816378,-1.998835491,0.863913212,18,0.003491565,-1.74939248632352,1.14146922050982,1.90319889960679,1.17001304818989,-1.14689178254798,-0.340466557101314,0.566919438144384,-0.30132138578736,-1.86320432414039,49,-0.654561622688387
"971",149,6,225.2454545,0.223666667,32.08333333,32.88982301,0.146017699,0.424778761,0.42920354,"PITTKE",0.032789823,31,1.02,1.032789823,-0.545055106,1.472421006,0.527654384,18,0.004439601,-0.277840503527539,-0.447380859432224,-1.23698142459901,-1.36411711350014,1.24441654110629,0.252435258228787,-2.12849047486313,-1.04401843716136,-0.332542673654202,50,0.523980168038116
"982",151,9,212.7547619,0.241,18.82352941,55.50124224,0.260869565,0.316770186,0.422360248,"PITTKE",0.15415068,21,2.07,1.15415068,-1.242573343,1.325831677,-2.046114953,18,0.004700247,0.604962055730041,-1.44510748655831,0.0700711773817937,0.0820248526960173,0.176720881759454,0.180215719832072,-0.402294677769705,0.171075592474958,0.0309870574027565,51,-0.523356601611019
"983",151,6,221.9857143,0.215333333,16.66666667,77.34343891,0.34841629,0.339366516,0.312217195,"PITTKE",0.130053128,41,2.07,1.130053128,-1.242573343,1.325831677,-2.046114953,18,0.004504794,-0.726924834297942,-1.67281502818812,0.89902939603494,0.803179725912351,0.427473036263771,-1.17748416165574,-0.402294677769705,-0.0596926301251934,-0.23965293100774,51,1.27583125042001
"984",151,5,191.1969697,0.236333333,26.953125,56.99638663,0.298102981,0.346883469,0.35501355,"PITTKE",0.121360857,35,2.07,1.121360857,-1.242573343,1.325831677,-2.046114953,18,0.005230208,0.37369149797712,-0.773397113136653,0.136473871627204,0.414515766899657,0.507200173960879,-0.60028614859007,-0.402294677769705,-0.144143061853472,0.71175272404438,51,0.850340082424065
"1043",162,1,181.8458333,0.229333333,30.96385542,61.68621908,0.339222615,0.318021201,0.342756184,"PITTKE",0.182321557,30,2.45,1.182321557,1.604315879,1.462359049,-0.46007386,18,0.005499164,0.018078958885589,-0.513835179827795,0.333996482991237,0.736537666272044,0.191064587574093,-0.758166170061297,0.00877375918556137,0.43481960328869,1.0312800441134,52,0.435802776798488
"1049",163,11,238.7846154,0.213,44.63414634,25.65454545,0.107438017,0.338842975,0.553719008,"PITTKE",0.470003629,16,3.31,1.470003629,3.707396624,-0.516026384,0.597371674,18,0.004187874,-0.855785570447945,0.170387288980277,-1.85758786528067,-2.12872476669546,0.42185458992914,1.39700144761662,0.742573126100063,2.81669847530767,-0.704488294225577,53,-1.25463245359989
"1050",163,12,212.6409091,0.234666667,42.10526316,62.58327759,0.294314381,0.254180602,0.451505017,"PITTKE",0.182321557,36,3.31,1.182321557,3.707396624,-0.516026384,0.597371674,18,0.004702764,0.289986586219417,0.0612525096500901,0.370061333505216,0.382640728099333,-0.624369490919097,0.480045465652783,0.742573126100063,0.43481960328869,0.0343984079879265,53,0.926096345373863
"1051",163,8,219.6972222,0.223,54.90196078,96.9252451,0.441176471,0.25,0.308823529,"PITTKE",0.182321557,30,3.31,1.182321557,3.707396624,-0.516026384,0.597371674,18,0.004551719,-0.313146396314837,0.557799020118412,1.46278599849804,1.39143012816691,-0.684721531780111,-1.22659199954601,0.742573126100063,0.43481960328869,-0.173620509259824,53,0.435802776798488
"1054",164,8,227.125,0.226333333,52.72727273,71.53543307,0.31496063,0.346456693,0.338582677,"PITTKE",0.139761942,23,1.65,1.139761942,2.975966698,-0.261503124,1.017212324,18,0.004402862,-0.137661601140233,0.482176072148613,0.704029311228554,0.551602297673554,0.502720122511595,-0.813214087143404,-0.95539587770994,0.0338695154065643,-0.385492757400261,54,-0.278718070871947
"1061",166,3,195.0272727,0.229,76.08695652,53.6325,0.275,0.14375,0.58125,"PITTKE",0.054067221,19,1.7,1.054067221,0.178808122,1.742064326,0.202359849,18,0.005127488,0.000875395739864644,1.1683920352519,-0.0154853538168049,0.213484043420025,-2.69857046785444,1.61503359506858,-0.882584359202776,-0.820988744775923,0.585361720699478,55,-0.792497985187093
"1067",169,2,166.8882353,0.2405,40.83333333,60.62179487,0.363247863,0.256410256,0.38034188,"PITTKE",0.262364264,26,4.29,1.262364264,1.698589121,0.57671465,-0.009137399,18,0.005992034,0.580398268300072,0.00385827193890227,0.290516320746307,0.907068551204022,-0.592586371800089,-0.290630820325968,1.37510106206085,1.15125295141204,1.57822507050241,56,0.0509803535563291
"1069",170,2,195.285,0.225666667,27.86407767,69.74464286,0.357142857,0.306547619,0.336309524,"PITTKE",0.196710294,28,3.21,1.196710294,1.402805653,-0.292047066,-0.250314248,18,0.005120721,-0.172550852306335,-0.71120336978322,0.640699613676759,0.864828716797402,0.0573444233624753,-0.843482759578455,0.66775116258055,0.567116461732314,0.576946638969711,57,0.250269251512566
"1073",172,3,211.7727273,0.251,85,29.11875,0.1375,0.275,0.5875,"PITTKE",0.117783036,18,1.71,1.117783036,1.257278075,-0.150371298,-1.091524674,18,0.004722043,1.08581931166493,1.37566239603045,-1.54118886975818,-1.51390153630965,-0.337873999624039,1.6630909657613,-0.868279305080885,-0.179093996411774,0.0604673085814297,58,-0.937893907236597
"1074",172,4,223.275,0.210666667,75,65.66911765,0.294117647,0.397058824,0.308823529,"PITTKE",0.080042708,13,1.71,1.080042708,1.257278075,-0.150371298,-1.091524674,18,0.004478782,-0.986065729359391,1.14146922050982,0.490291131443603,0.380974336914206,0.998832393367874,-1.22659199954601,-0.868279305080885,-0.554738400523095,-0.276553731315544,58,-1.81300989905413
"1079",174,7,254.9466667,0.222,31.62393162,31.73609959,0.124481328,0.510373444,0.365145228,"PITTKE",0.167054085,39,1.61,1.167054085,1.479692598,1.296053723,-0.67801161,18,0.003922389,-0.366303606676016,-0.474366886138393,-1.32618072697521,-1.76178527445598,1.91246971996606,-0.473847673820733,-1.01525175858424,0.292670998328857,-1.12180936882158,59,1.1413447530432
"1080",174,8,241.0727273,0.2175,60.75,72.32181818,0.3,0.363636364,0.336363636,"PITTKE",0.087011377,24,1.61,1.087011377,1.479692598,1.296053723,-0.67801161,18,0.004148126,-0.608512604636942,0.747188393837648,0.731339720674591,0.430324278942428,0.678842138621747,-0.842759845037903,-1.01525175858424,-0.484398232553811,-0.765255733977467,59,-0.16426805411301
"1081",174,2,198.66875,0.2255,72.30769231,54.05952381,0.272108844,0.244897959,0.482993197,"PITTKE",0.080042708,26,1.61,1.080042708,1.479692598,1.296053723,-0.67801161,18,0.005033504,-0.181289296030358,1.07306618088682,0.00432495246983391,0.187145263246054,-0.75975810348635,0.782967593811976,-1.01525175858424,-0.554738400523095,0.467481681006183,59,0.0509803535563291
"1090",176,14,212.2047619,0.232,38.18181818,24.08810811,0.113513514,0.367567568,0.518918919,"PITTKE",0.037740328,27,1.32,1.037740328,-0.737026583,2.41869472,-0.220079756,18,0.00471243,0.154814133612854,-0.121766302154745,-2.01496732869554,-1.99164034316374,0.717973104067935,1.10534127781742,-1.49964405618405,-0.991719773754341,0.0474820225883071,60,0.152470492250278
"1112",179,5,203.1833333,0.2185,21.875,30.22561983,0.148760331,0.52892562,0.32231405,"PITTKE",0.123613956,43,1.33,1.123613956,-3.149285617,1.291405657,2.270923805,18,0.004921664,-0.554258108601241,-1.16399894375343,-1.44799491152451,-1.31774266229157,2.04240580288255,-1.03447388763555,-1.48123638589542,-0.122190219153348,0.324303477354347,61,1.40391114680667
"1125",181,7,220.485,0.222666667,52.12765957,93.82340426,0.425531915,0.25,0.324468085,"PITTKE",0.182321557,24,2.17,1.182321557,-1.127099317,1.247384352,1.025186741,18,0.004535456,-0.330838916532426,0.460776021718155,1.38153724913074,1.30145318343655,-0.684721531780111,-1.00454477652918,-0.287225945818793,0.43481960328869,-0.196428252036571,62,-0.16426805411301
"1138",184,11,217.535,0.254,85,82.60822785,0.379746835,0.227848101,0.392405063,"PITTKE",0.068992871,15,2.27,1.068992871,-1.033275638,2.692051996,-0.669383339,18,0.004596961,1.22634523481924,1.37566239603045,1.06353074636724,1.01776568987092,-1.02236768612957,-0.150330915744562,-0.177342285095216,-0.667208715421773,-0.110597814229691,63,-1.42818747581197
"1143",185,15,195.908,0.258,42.45283019,68.02361111,0.347222222,0.24537037,0.407407407,"PITTKE",0.174353387,25,2.22,1.174353387,3.326569299,-0.689919666,1.229384853,18,0.005104437,1.41115304787171,0.0766345380152865,0.578285517991527,0.794624338246989,-0.752744913362771,0.0182542521104255,-0.231665348830158,0.360862076511938,0.556651057151915,64,-0.0544907917768881
"1144",185,9,184.225,0.2515,25.85714286,53.56321586,0.290748899,0.308370044,0.400881057,"PITTKE",0.105360516,40,2.22,1.105360516,3.326569299,-0.689919666,1.229384853,18,0.005428145,1.10935655206219,-0.851071035895985,-0.0187144190873084,0.352265845529335,0.0789150759195829,-0.0543080229899783,-0.231665348830158,-0.30132138578736,0.948451979022231,64,1.20942862992207
"1146",186,4,232.6125,0.221,62.68292683,59.07619048,0.253968254,0.325396825,0.420634921,"PITTKE",0.122602322,26,1.31,1.122602322,1.728988358,1.629383085,-0.624269923,18,0.004298995,-0.419700805256308,0.805795147043962,0.226002018847641,0.015208772160481,0.274500666142027,0.161823065364309,-1.51819171010036,-0.132041522540531,-0.537616269914181,65,0.0509803535563291
"1173",190,3,204.44,0.226,19.59276018,82.62586605,0.404157044,0.2852194,0.310623557,"PITTKE",0.139761942,46,1.18,1.139761942,-2.91884656,1.908032668,0.9171779,18,0.004891411,-0.155093361963353,-1.37016518008987,1.06406405051656,1.17301974046029,-0.20509030478902,-1.20047797899143,-1.77309867729346,0.0338695154065643,0.285014133350619,66,1.58527218173851
"1202",195,2,262.165,0.203666667,61.66666667,70.85540541,0.27027027,0.27027027,0.459459459,"PITTKE",0.287682072,16,1.87,1.287682072,-0.620944985,-2.097368575,-3.135081274,18,0.003814392,-1.38574438128711,0.775210887477325,0.680169434594812,0.170249662245261,-0.401008207867378,0.558517839188731,-0.650122379266361,1.36843009578412,-1.29971498993039,67,-1.25463245359989
"1214",197,6,209.2833333,0.23,80,37.04129794,0.17699115,0.233038348,0.589970501,"PITTKE",0.09531018,11,6.23,1.09531018,-3.698699006,1.337578231,-3.304060586,18,0.004778211,0.0524112480683271,1.26222746332709,-0.940045149460506,-0.884708930553221,-0.940400172296111,1.68194625107491,2.28506836308858,-0.401217905455305,0.135814813584946,68,-2.26224664732938
"1226",200,2,207.9875,0.2525,9.932735426,37.58295688,0.180698152,0.524640657,0.294661191,"PITTKE",0.090971778,46,3.39,1.090971778,-0.49908396,0.719783307,-0.965846808,18,0.004807981,1.15629097633571,-2.64125097915755,-0.903781300534554,-0.83305227997406,2.01280408431367,-1.43752566255894,0.800820783561374,-0.444623529917114,0.175391932893424,69,1.58527218173851
"1234",202,4,230.29,0.251,89.52380952,69.087,0.3,0.21,0.49,"PITTKE",0.430782916,20,1.74,1.430782916,-1.48315103,-0.77556356,-0.27316713,18,0.004342351,1.08581931166493,1.47268539433772,0.617033592087607,0.430324278942428,-1.31921873006862,0.847684103047113,-0.825860762238493,2.5209326464983,-0.473674959916207,70,-0.654561622688387
"1238",203,3,201.0307692,0.224666667,39.18367347,74.31469194,0.369668246,0.232227488,0.398104265,"PITTKE",0.459532329,19,3.25,1.459532329,-0.661391017,-0.404892074,-0.323424279,18,0.004974363,-0.225078515455442,-0.0733033624148525,0.799242066014548,0.950731353216696,-0.953084704881958,-0.0855403087572244,0.697955941620181,2.73851311596849,0.392170013005823,71,-0.792497985187093
"1239",203,2,288.52,0.193,123,81.65660377,0.283018868,0.188679245,0.528301887,"PITTKE",0.336472237,14,3.25,1.336472237,-0.661391017,-0.404892074,-0.323424279,18,0.003465964,-2.02199644749538,2.0670970136397,1.03458757938567,0.285112880840798,-1.70882218708018,1.18586263158388,0.697955941620181,1.7751681309519,-1.91009796326271,71,-1.61372100109789
"1241",205,6,219.5227273,0.24,67.1875,60.87605042,0.277310924,0.268907563,0.453781513,"PITTKE",0.048790164,21,1.42,1.048790164,-1.128686423,-1.635284201,-1.007732158,18,0.004555337,0.55578335952745,0.93564617746095,0.300971292435652,0.234338476519745,-0.419403246244895,0.502643945253006,-1.32153540603213,-0.875880193704271,-0.168557594090079,72,-0.523356601611019
"1246",206,5,215.1,0.201666667,56.47058824,93.83557047,0.436241611,0.228187919,0.33557047,"PITTKE",0.271933715,21,2.58,1.271933715,0.292807313,-0.24149747,-0.853720891,18,0.004649,-1.50246367763943,0.610509642560777,1.38186114568763,1.36339731645571,-1.01694422379013,-0.853367883319054,0.134873656151031,1.2338478506341,-0.0388693481444438,73,-0.523356601611019
"1247",207,5,217.7,0.227,62.63157895,77.40444444,0.355555556,0.281481481,0.362962963,"PITTKE",0.245122458,23,2.25,1.245122458,-0.859249533,0.22807339,-1.406587698,18,0.004593477,-0.102874913361242,0.804261769964688,0.900998936332527,0.853728076231886,-0.253098083530759,-0.500782262250473,-0.198926538667987,1.00084431470784,-0.11542898100641,74,-0.278718070871947
"1256",208,5,266.605,0.234,68,93.00174419,0.348837209,0.325581395,0.325581395,"PITTKE",0.271933715,21,2.08,1.271933715,0.047872159,0.285450209,-1.438099133,18,0.003750867,0.256338013590758,0.958137750628827,1.35956472207991,0.806188583999757,0.276564258833136,-0.98915374980844,-0.390540415328049,1.2338478506341,-1.40672912674649,75,-0.523356601611019
"1279",212,3,230.45,0.2185,21.3592233,17.85569007,0.07748184,0.498789346,0.423728814,"PITTKE",0.139761942,46,2.97,1.139761942,-0.759870616,0.867562141,-0.665556212,18,0.004339336,-0.554258108601241,-1.20864493123244,-2.76285510107353,-2.94331569250021,1.82891915596464,0.194751806953895,0.478218581772681,0.0338695154065643,-0.478100775179422,76,1.58527218173851
"1286",214,4,209.9333333,0.2195,30.81395349,65.02359882,0.309734513,0.280235988,0.410029499,"PITTKE",0.03509132,29,2.28,1.03509132,-1.318037168,0.383366109,0.270354235,18,0.004763417,-0.500251350853234,-0.522915545679138,0.465614752916678,0.509904323555804,-0.269236220162455,0.0470808006293739,-0.166621367894646,-1.01967360205271,0.116055422630565,77,0.344635758242932
